,Title
0,Pfizer and BioNTech to seek authorization of second coronavirus booster shot for people 65 and older
1,"Pfizer seeks 4th booster as ""stealth"" Omicron spreads quickly in China, Europe"
2,Australians told to get boosters amid COVID threat from new Omicron strain
3,Moderna studying booster that targets Omicron
4,Pfizer-BioNTech will seek authorization for second COVID booster for older adults
5,Jacksonville doctor applauds Pfizer CEO who's calling for second COVID-19 booster
6,Pfizer/BioNTech to seek FDA authorization for fourth booster doses for people 65 and up
7,Study explores neutralization of SARS-CoV-2 Omicron variant by subunit vaccine boosters
8,Pfizer asks FDA to clear another booster for older adults
9,Moderna doses first subject in Omicron-specific booster vaccine trial
10,"COVID-19 in Oklahoma: New cases, deaths, vaccine booster shots, omicron variant"
11,Latest Study Shows Advantages of CanSinoBIO's Convidecia™ as Heterologous Booster against Omicron Variant
12,Pfizer-BioNTech seek U.S. OK for second COVID booster for 65 and older
13,Report: Pfizer to seek authorization of second COVID-19 booster for people 65 and older
14,Pfizer seeks emergency authorization for 2nd Covid booster for 65-plus
15,"Biden’s COVID program faces uncertainty after funding dropped from bill, and Moderna to trial omicron-specific booster"
16,Pfizer and BioNTech Submit for U.S. Emergency Use Authorization of an Additional Booster Dose of their COVID-19 Vaccine for Older Adults
17,No Underlying Conditions in 63% of Young Kids Hospitalized During Omicron
18,"How an infectious disease doctor, father of the bride planned a wedding during Omicron rise| Opinion"
19,Pfizer asks FDA to authorize 2nd Covid booster for people 65 and older
20,Washington Post: Pfizer/BioNTech to seek FDA authorization for fourth booster doses for people 65 and up
21,"Pfizer-BioNTech to Seek U.S. OK for Second Covid Booster for 65 and Older, Report Says"
22,Moderna and Pfizer tailor booster shots to fight omicron variant
23,Moderna Announces First Participant Dosed in Phase 2 Study of Omicron-Specific Bivalent Booster Candidate
24,"Rise in COVID cases abroad, presence of omicron subvariant may foreshadow increase in US: Experts"
25,New Zealand Teenagers Face Omicron Without Vaccine Booster Shot
26,COVID data: Omicron infection wave all but over in Florida; booster shots hit new low
27,"Omicron outbreak: Expert emphasises Covid-19 vaccine booster is essential, not extra"
28,Moderna begins dosing in phase 2 trial of Omicron-specific booster vaccine
29,"You still can and should avoid catching Omicron, here's why"
30,New Covid-19 Omicron strain: Australians told to get boosters
31,Coronavirus omicron updates: Here’s what to know in North Carolina on March 15
32,"Booster restores vaccine protection lost against omicron, U.K. study finds"
33,Moderna (MRNA) Starts Omicron-Specific Bivalent Booster Study
34,Booster restores vaccine protection lost against omicron
35,Moderna Starts Dosing In Mid-Stage Omicron-Specific Bivalent Booster Candidate
36,Study finds booster shot did produce effective levels of neutralizing antibodies against omicron
37,UPDATE 2-Pfizer-BioNTech to seek U.S. OK for second COVID booster for 65 and older -report
38,Three vaccine doses give 86% efficacy against Omicron variant
39,"Covid vaccine-induced antibodies don’t protect against Omicron, booster critical: Study"
40,COVID-19 booster vaccine recipients were better protected during Qatar's Omicron wave
41,What is the Omicron Variant's Incubation Period and How Long Are You Contagious?
42,Doctors keep an eye on omicron subvariant as it rears its head in NYC
43,Booster shots against the virus lag on the North Coast
44,"During Sonoma County’s omicron surge, new public health data shows boosters made a real difference"
45,Charting the spread of Omicron to make sense of WA COVID-19 case numbers
46,"An omicron 'subvariant' is doubling in NY, just as mandates lift"
47,Australians told to get boosters amid threat from new Omicron strain
48,"Booster shots key to protecting seniors from omicron variant, large CDC studies find"
49,Covid booster: 10 million Britons missing third jabs as study shows Omicron needs three shots for protection
50,How quickly can you catch Omicron again?
51,"Omicron has weakened need for booster shots, says official"
52,Omicron Variant Appears Less Deadly for Patients With Cancer
53,COVID boosters provided powerful protection during Arizona’s omicron surge
54,Omicron sub-variant makes up 23.1% of COVID variants in U.S. – CDC
55,"Beware of BA.2 Omicron during Noruz, expert says"
56,"Lagging data suggests omicron peak infections were higher in Danville, Pittsylvania County"
57,"Booster critical as COVID-19 vaccine-induced antibodies wane in 6 months, don't protect against Omicron"
58,"COVID vaccine for children less effective against Omicron, but booster helps, study finds"
59,4th shots and COVID-19 boosters: Why and when best to get it
60,Experts see no need yet for Omicron-specific booster shot
61,Vaccine makers announce slowdowns for omicron-specific booster
62,Will you need a second booster shot to keep coronavirus at bay?
63,Vaccine experts: Current Moderna formulation enough to fight Omicron variant
64,Here's what we know about the Omicron sub-variant BA.2
65,"COVID vaccine for kids less effective against Omicron, but booster helps"
66,Got a Covid Booster? You Probably Won’t Need Another for a Long Time
67,"Moderna CEO says the pandemic will end this year, but new Omicron-specific boosters may be needed"
68,Moderna's Omicron Specific Booster Likely to be Ready by August
69,Study shows Pfizer-BioNTech booster protects over 65s against Delta and Omicron
70,Study explores efficacy of mRNA vaccine booster doses during the SARS-CoV-2 Omicron wave
71,"Actually, you might not need another booster"
72,"How does Omicron compare with Delta? Here’s what we know about infectiousness, symptoms, severity and vaccine protection"
73,"Study emphasizes boosters, public health measures limit omicron spread"
74,Here's How Worried You Should Be About 'Stealth' Omicron
75,‘Stealth omicron’ is on its way. How nervous should we be?
76,"Booster critical as COVID-19 vaccine-induced antibodies wane in 6 months, don’t protect against omicron"
77,Booster Shot May Not Be Enough; Omicron May Evade Antibodies And Cause Reinfection
78,"Moderna eyes COVID booster by August, not clear yet if Omicron-specific needed"
79,Omicron spread quickly at convention in New York City -- but boosters helped
80,Fact Sheet: COVID-19 omicron variant
81,Can You Catch Omicron Twice? What We Know Now
82,‘Stealth omicron’ is on its way. How nervous should we be?
83,China allows COVID boosters of different technologies than primary shots
84,"Moderna eyes COVID booster by August, not clear yet if Omicron-specific needed"
85,Association between booster breakthrough infections with the SARS-CoV-2 Omicron variant and time-since-vaccination
86,Fact Sheet: COVID-19 omicron variant
87,"Moderna CEO says the pandemic will end this year, but new Omicron-specific boosters may be needed"
88,"Coronavirus vaccine protection was much weaker against omicron, data shows"
89,Moderna plans Omicron-specific booster shot by August - Reuters
90,Is the BA.2 version of Omicron worse? Here’s what you need to know.
91,Here's How Worried You Should Be About 'Stealth' Omicron
92,‘Stealth omicron’ is on its way. How nervous should we be?
93,"Vaccine protection was much weaker against omicron, data shows"
94,Moderna testing new COVID-19 booster targeting omicron
95,Covid-19 Booster Shots Are Slowing as Omicron Surge Fades
96,Virus Experts Say Most People Catch Omicron This Way Now
97,Fact Sheet: COVID-19 omicron variant
98,COVID Omicron NY: Booster mandate delayed for healthcare workers
99,"Moderna CEO says the pandemic will end this year, but new Omicron-specific boosters may be needed"
100,How to Talk to Patients About COVID Boosters
101,"Coronavirus: fourth shot of Sinopharm vaccine won’t boost protection against Omicron, study finds"
102,"Omicron surge was more deadly in Japan after booster delay, critics say"
103,‘Stealth omicron’ is on its way. How nervous should we be?
104,Vax expert recommends booster shot vs. stealth Omicron BA.2
105,Fact Sheet: COVID-19 omicron variant
106,"Moderna CEO says the pandemic will end this year, but new Omicron-specific boosters may be needed"
107,Moderna's Omicron-Specific COVID-19 Booster to be Trialled in the UK
108,Moderna hopes to offer new COVID vaccine booster in the fall to protect against variants
109,"Omicron rendered the vaccines less effective, but they still worked"
110,Estimated 73% of U.S. now immune to Omicron: Is that enough?
111,‘Stealth omicron’ is on its way. How nervous should we be?
112,"Omicron-specific booster not needed right now, RITM cites US study"
113,FDA Considers Second COVID-19 Booster Shot
114,"Vaccine protection was much weaker against omicron, data shows"
115,Study finds limited efficacy of COVID-19 vaccines against Omicron
116,Factbox-Countries weigh need for COVID-19 booster shots
117,An estimated 73% of Americans are now immune to the omicron variant. Is that enough?
118,Will you need a 2nd booster shot to keep coronavirus at bay?
119,Omicron outbreak in an indoor convention in New York
120,‘Stealth omicron’ is on its way. How nervous should we be?
121,Estimated 73% of US now immune to omicron: Is that enough?
122,"Booster critical as COVID-19 vaccine-induced antibodies wane in 6 months, don't protect against omicron, researchers find"
123,Got a COVID Booster? You Probably Won't Need Another for a Long Time
124,Update on the Omicron variant
125,Estimated 73% of US immune to omicron: Is it enough?
126,Do COVID boosters cause more or fewer side effects? How quickly does protection wane? Your questions answered
127,FDA Is Reportedly Considering Whether to Approve a Second Booster Shot for This Fall
128,Should SARS-CoV-2 Omicron be considered a serotype?
129,‘Stealth omicron’ is on its way. How nervous should we be?
130,Estimated 73% of US now immune to omicron: Is that enough?
131,New omicron subvariant not expected to lead to another COVID-19 surge
132,"CORRECTED-Moderna eyes COVID booster by August, not clear yet if Omicron-specific needed"
133,CDC Data Shows Vaccine Protection Against COVID Waned By The Time Omicron Arrived
134,Moderna testing new COVID-19 booster targeting omicron
135,Researchers develop novel anti-SARS-CoV-2 Omicron vaccine candidate
136,Estimated 73% of US now immune to omicron: Is that enough?
137,There's Good Reason to Be Optimistic About Omicron
138,‘Stealth omicron’ is on its way. How nervous should we be?
139,An estimated 73% of Americans are now immune to the omicron variant. Is that enough?
140,"Begin Covid booster dose for all, say experts even as Omicron wave wanes"
141,The secret's in the spikes: Exploring omicron's ability to escape antibodies
142,Emergence of SARS-CoV-2 Omicron likely due to immune selective pressure
143,"Moderna Says COVID-19 Booster To Be Ready By August, But Dicey If Omicron-Specific Needed: Reuters"
144,Moderna testing new COVID-19 booster targeting omicron
145,Got a COVID booster? You probably won’t need another for a long time.
146,Estimated 73% of US now immune to omicron: Is that enough?
147,Raising COVID-19 booster rates for Southwest Florida's seniors key to reducing next variant's deadly impact
148,Vaccine protection against COVID-19 fell substantially for children during omicron surge
149,An estimated 73% of Americans are now immune to the omicron variant. Is that enough?
150,Estimated 73% of US now immune to omicron: Is that enough?
151,"Moderna CEO says the pandemic will end this year, but new Omicron-specific boosters may be needed"
152,Op-Ed: An omicron-specific vaccine sounds like a good idea. But it's not
153,"Omicron BA.2 subvariant more transmissible, severe"
154,"As Mayor Lightfoot, Dr. Arwady look back on pandemic living the past two years, they give thanks while assuring equity work will continue"
155,Estimated 73% of US now immune to omicron: Is that enough?
156,An estimated 73% of Americans are now immune to the omicron variant. Is that enough?
157,An estimated 73% of Americans are now immune to the omicron variant. Is that enough?
